resource_name,verified_gps_coords
00000023.pdf,"[-122.12402, 37.73089]"
00001034.pdf,"[-122.1469, 37.73595]"
00000233.pdf,"[-122.15794, 37.72351]"
00000397.pdf,"[-122.19608, 37.71362]"
00000249.pdf,"[-122.18977, 37.70097]"
00000429.pdf,"[-122.156444,37.726009]"
00000552.pdf,"[-122.167797,37.723329]"
00000850.pdf,"[-122.153942,37.719262]"
00000902.pdf,"[-122.159193,37.730716]"
00001300.pdf,"[-122.153821,37.728018]"
00001465.pdf,"[-122.152323,37.716600]"
00000469.pdf,"[-122.138850, 37.712983]"
