resource_name,verified_gps_coords
00000023.pdf,"[-122.12402, 37.73089]"
00001034.pdf,"[-122.1469, 37.73595]"
00000233.pdf,"[-122.15794, 37.72351]"
00000397.pdf,"[-122.19608, 37.71362]"
00000249.pdf,"[-122.18977, 37.70097]"
